{
    "name": "root",
    "gauges": {
        "MoveToGoal.Policy.Entropy.mean": {
            "value": 1.4108116626739502,
            "min": 1.4108116626739502,
            "max": 1.4108116626739502,
            "count": 1
        },
        "MoveToGoal.Policy.Entropy.sum": {
            "value": 71979.609375,
            "min": 71979.609375,
            "max": 71979.609375,
            "count": 1
        },
        "MoveToGoal.Step.mean": {
            "value": 49962.0,
            "min": 49962.0,
            "max": 49962.0,
            "count": 1
        },
        "MoveToGoal.Step.sum": {
            "value": 49962.0,
            "min": 49962.0,
            "max": 49962.0,
            "count": 1
        },
        "MoveToGoal.Policy.ExtrinsicValueEstimate.mean": {
            "value": 0.24789336323738098,
            "min": 0.24789336323738098,
            "max": 0.24789336323738098,
            "count": 1
        },
        "MoveToGoal.Policy.ExtrinsicValueEstimate.sum": {
            "value": 193.8526153564453,
            "min": 193.8526153564453,
            "max": 193.8526153564453,
            "count": 1
        },
        "MoveToGoal.Losses.PolicyLoss.mean": {
            "value": 0.02655660198952043,
            "min": 0.02655660198952043,
            "max": 0.02655660198952043,
            "count": 1
        },
        "MoveToGoal.Losses.PolicyLoss.sum": {
            "value": 0.10622640795808172,
            "min": 0.10622640795808172,
            "max": 0.10622640795808172,
            "count": 1
        },
        "MoveToGoal.Losses.ValueLoss.mean": {
            "value": 0.002224564870657835,
            "min": 0.002224564870657835,
            "max": 0.002224564870657835,
            "count": 1
        },
        "MoveToGoal.Losses.ValueLoss.sum": {
            "value": 0.00889825948263134,
            "min": 0.00889825948263134,
            "max": 0.00889825948263134,
            "count": 1
        },
        "MoveToGoal.Policy.LearningRate.mean": {
            "value": 0.00028272000576,
            "min": 0.00028272000576,
            "max": 0.00028272000576,
            "count": 1
        },
        "MoveToGoal.Policy.LearningRate.sum": {
            "value": 0.00113088002304,
            "min": 0.00113088002304,
            "max": 0.00113088002304,
            "count": 1
        },
        "MoveToGoal.Policy.Epsilon.mean": {
            "value": 0.19424000000000002,
            "min": 0.19424000000000002,
            "max": 0.19424000000000002,
            "count": 1
        },
        "MoveToGoal.Policy.Epsilon.sum": {
            "value": 0.7769600000000001,
            "min": 0.7769600000000001,
            "max": 0.7769600000000001,
            "count": 1
        },
        "MoveToGoal.Policy.Beta.mean": {
            "value": 0.004712576,
            "min": 0.004712576,
            "max": 0.004712576,
            "count": 1
        },
        "MoveToGoal.Policy.Beta.sum": {
            "value": 0.018850304,
            "min": 0.018850304,
            "max": 0.018850304,
            "count": 1
        },
        "MoveToGoal.Environment.EpisodeLength.mean": {
            "value": 2466.3333333333335,
            "min": 2466.3333333333335,
            "max": 2466.3333333333335,
            "count": 1
        },
        "MoveToGoal.Environment.EpisodeLength.sum": {
            "value": 7399.0,
            "min": 7399.0,
            "max": 7399.0,
            "count": 1
        },
        "MoveToGoal.Environment.CumulativeReward.mean": {
            "value": -1.0,
            "min": -1.0,
            "max": -1.0,
            "count": 1
        },
        "MoveToGoal.Environment.CumulativeReward.sum": {
            "value": -3.0,
            "min": -3.0,
            "max": -3.0,
            "count": 1
        },
        "MoveToGoal.Policy.ExtrinsicReward.mean": {
            "value": -1.0,
            "min": -1.0,
            "max": -1.0,
            "count": 1
        },
        "MoveToGoal.Policy.ExtrinsicReward.sum": {
            "value": -3.0,
            "min": -3.0,
            "max": -3.0,
            "count": 1
        },
        "MoveToGoal.IsTraining.mean": {
            "value": 1.0,
            "min": 1.0,
            "max": 1.0,
            "count": 1
        },
        "MoveToGoal.IsTraining.sum": {
            "value": 1.0,
            "min": 1.0,
            "max": 1.0,
            "count": 1
        }
    },
    "metadata": {
        "timer_format_version": "0.1.0",
        "start_time_seconds": "1634443433",
        "python_version": "3.7.9 (tags/v3.7.9:13c94747c7, Aug 17 2020, 18:58:18) [MSC v.1900 64 bit (AMD64)]",
        "command_line_arguments": "C:\\Users\\Jake\\AppData\\Local\\Programs\\Python\\Python37\\Scripts\\mlagents-learn --run-id=MoveToTarget",
        "mlagents_version": "0.27.0",
        "mlagents_envs_version": "0.27.0",
        "communication_protocol_version": "1.5.0",
        "pytorch_version": "1.7.0+cu110",
        "numpy_version": "1.21.2",
        "end_time_seconds": "1634443483"
    },
    "total": 49.6356356,
    "count": 1,
    "self": 0.004517400000004557,
    "children": {
        "run_training.setup": {
            "total": 0.0684494,
            "count": 1,
            "self": 0.0684494
        },
        "TrainerController.start_learning": {
            "total": 49.5626688,
            "count": 1,
            "self": 0.05222959999993293,
            "children": {
                "TrainerController._reset_env": {
                    "total": 5.3221631,
                    "count": 1,
                    "self": 5.3221631
                },
                "TrainerController.advance": {
                    "total": 44.12039020000007,
                    "count": 3728,
                    "self": 0.052396099999903356,
                    "children": {
                        "env_step": {
                            "total": 30.94503260000009,
                            "count": 3728,
                            "self": 28.759643800000223,
                            "children": {
                                "SubprocessEnvManager._take_step": {
                                    "total": 2.1508583000000403,
                                    "count": 3728,
                                    "self": 0.18395820000012275,
                                    "children": {
                                        "TorchPolicy.evaluate": {
                                            "total": 1.9669000999999176,
                                            "count": 3714,
                                            "self": 0.37831669999998674,
                                            "children": {
                                                "TorchPolicy.sample_actions": {
                                                    "total": 1.5885833999999308,
                                                    "count": 3714,
                                                    "self": 1.5885833999999308
                                                }
                                            }
                                        }
                                    }
                                },
                                "workers": {
                                    "total": 0.03453049999982749,
                                    "count": 3727,
                                    "self": 0.0,
                                    "children": {
                                        "worker_root": {
                                            "total": 44.09897939999984,
                                            "count": 3727,
                                            "is_parallel": true,
                                            "self": 19.448206199999845,