{
    "name": "root",
    "metadata": {
        "timer_format_version": "0.1.0",
        "start_time_seconds": "1634440705",
        "python_version": "3.7.9 (tags/v3.7.9:13c94747c7, Aug 17 2020, 18:58:18) [MSC v.1900 64 bit (AMD64)]",
        "command_line_arguments": "C:\\Users\\Jake\\AppData\\Local\\Programs\\Python\\Python37\\Scripts\\mlagents-learn --run-id=Test2",
        "mlagents_version": "0.27.0",
        "mlagents_envs_version": "0.27.0",
        "communication_protocol_version": "1.5.0",
        "pytorch_version": "1.7.0+cu110",
        "numpy_version": "1.21.2",
        "end_time_seconds": "1634440725"
    },
    "total": 19.7386861,
    "count": 1,
    "self": 0.004524999999997448,
    "children": {
        "run_training.setup": {
            "total": 0.07035229999999992,
            "count": 1,
            "self": 0.07035229999999992
        },
        "TrainerController.start_learning": {
            "total": 19.6638088,
            "count": 1,
            "self": 0.040155500000036426,
            "children": {
                "TrainerController._reset_env": {
                    "total": 5.4538969,
                    "count": 1,
                    "self": 5.4538969
                },
                "TrainerController.advance": {
                    "total": 14.109178499999965,
                    "count": 2767,
                    "self": 0.03830470000009001,
                    "children": {
                        "env_step": {
                            "total": 13.86126949999998,
                            "count": 2767,
                            "self": 12.380846200000029,
                            "children": {
                                "SubprocessEnvManager._take_step": {
                                    "total": 1.4554301999999204,
                                    "count": 2767,
                                    "self": 0.11887970000000347,
                                    "children": {
                                        "TorchPolicy.evaluate": {
                                            "total": 1.336550499999917,
                                            "count": 2767,
                                            "self": 0.2710851999999182,
                                            "children": {
                                                "TorchPolicy.sample_actions": {
                                                    "total": 1.0654652999999987,
                                                    "count": 2767,
                                                    "self": 1.0654652999999987
                                                }
                                            }
                                        }
                                    }
                                },
                                "workers": {
                                    "total": 0.024993100000030744,
                                    "count": 2766,
                                    "self": 0.0,
                                    "children": {
                                        "worker_root": {
                                            "total": 14.092324000000009,
                                            "count": 2766,
                                            "is_parallel": true,
                                            "self": 3.521261700000025,
                                            "children": {
                                                "steps_from_proto": {
                                                    "total": 0.0002497000000003524,
                                                    "count": 1,
                                                    "is_parallel": true,
                                                    "self": 0.00010070000000084178,
                                                    "children": {
                                                        "_process_rank_one_or_two_observation": {
                                                            "total": 0.00014899999999951064,
                                                            "count": 2,
                                                            "is_parallel": true,
                                                            "self": 0.00014899999999951064
                                                        }
                                                    }
                                                },
                                                "UnityEnvironment.step": {
                                                    "total": 10.570812599999984,
                                                    "count": 2766,
                                                    "is_parallel": true,
                                                    "self": 0.17929110000007675,
                                                    "children": {
                                                        "UnityEnvironment._generate_step_input": {
                                                            "total": 0.14210029999996276,
                                                            "count": 2766,
                                                            "is_parallel": true,
                                                            "self": 0.14210029999996276
                                                        },
                                                        "communicator.exchange": {
                                                            "total": 9.787414599999991,
                                                            "count": 2766,
                                                            "is_parallel": true,
                                                            "self": 9.787414599999991
                                                        },
                                                        "steps_from_proto": {
                                                            "total": 0.4620065999999525,
                                                            "count": 2766,
                                                            "is_parallel": true,
                                                            "self": 0.23631380000001112,
                                                            "children": {
                                                                "_process_rank_one_or_two_observation": {
                                                                    "total": 0.2256927999999414,
                                                                    "count": 5532,
                                                                    "is_parallel": true,
                                                                    "self": 0.2256927999999414
                                                                }
                                                            }
                                                        }
                                                    }
                                                }
                                            }
                                        }
                                    }
                                }
                            }
                        },
                        "trainer_advance": {
                            "total": 0.20960429999989572,
                            "count": 2766,
                            "self": 0.051434499999919225,
                            "children": {
                                "process_trajectory": {
                                    "total": 0.1581697999999765,
                                    "count": 2766,
                                    "self": 0.1581697999999765
                                }
                            }
                        }
                    }
                },